﻿<?xml version="1.0" encoding="utf-8"?>
<abapGit version="v1.0.0" serializer="LCL_OBJECT_DTEL" serializer_version="v1.0.0">
 <asx:abap xmlns:asx="http://www.sap.com/abapxml" version="1.0">
  <asx:values>
   <DD04V>
    <ROLLNAME>ZDE_CAPACITY</ROLLNAME>
    <DDLANGUAGE>E</DDLANGUAGE>
    <DOMNAME>ZCAPACITY</DOMNAME>
    <HEADLEN>08</HEADLEN>
    <SCRLEN1>03</SCRLEN1>
    <SCRLEN2>05</SCRLEN2>
    <SCRLEN3>08</SCRLEN3>
    <DDTEXT>Capacity</DDTEXT>
    <REPTEXT>Capacity</REPTEXT>
    <SCRTEXT_S>Cap</SCRTEXT_S>
    <SCRTEXT_M>Capac</SCRTEXT_M>
    <SCRTEXT_L>Capacity</SCRTEXT_L>
    <DTELMASTER>E</DTELMASTER>
    <REFKIND>D</REFKIND>
   </DD04V>
  </asx:values>
 </asx:abap>
</abapGit>
