﻿<?xml version="1.0" encoding="utf-8"?>
<abapGit version="v1.0.0" serializer="LCL_OBJECT_PROG" serializer_version="v1.0.0">
 <asx:abap xmlns:asx="http://www.sap.com/abapxml" version="1.0">
  <asx:values>
   <PROGDIR>
    <NAME>ZR_BEST_VEHICLE_FOR_DELIVERY</NAME>
    <SUBC>1</SUBC>
    <APPL>M</APPL>
    <RSTAT>T</RSTAT>
    <RLOAD>E</RLOAD>
    <FIXPT>X</FIXPT>
    <UCCHECK>X</UCCHECK>
   </PROGDIR>
   <TPOOL>
    <item>
     <ID>I</ID>
     <KEY>001</KEY>
     <ENTRY>Vehicle types</ENTRY>
     <LENGTH>23</LENGTH>
    </item>
    <item>
     <ID>I</ID>
     <KEY>002</KEY>
     <ENTRY>Vehicle Capacity</ENTRY>
     <LENGTH>26</LENGTH>
    </item>
    <item>
     <ID>I</ID>
     <KEY>003</KEY>
     <ENTRY>Distances</ENTRY>
     <LENGTH>19</LENGTH>
    </item>
    <item>
     <ID>I</ID>
     <KEY>004</KEY>
     <ENTRY>Shortest dist. between vehicle/store</ENTRY>
     <LENGTH>72</LENGTH>
    </item>
    <item>
     <ID>I</ID>
     <KEY>005</KEY>
     <ENTRY>Stores/Locations</ENTRY>
     <LENGTH>26</LENGTH>
    </item>
    <item>
     <ID>I</ID>
     <KEY>006</KEY>
     <ENTRY>Internal error: Issue on Class ZCL_DELIVERY</ENTRY>
     <LENGTH>86</LENGTH>
    </item>
    <item>
     <ID>R</ID>
     <ENTRY>Beverage Delivery</ENTRY>
     <LENGTH>17</LENGTH>
    </item>
    <item>
     <ID>S</ID>
     <KEY>P_AMOUNT</KEY>
     <ENTRY>Quantity to be delivered</ENTRY>
     <LENGTH>32</LENGTH>
    </item>
    <item>
     <ID>S</ID>
     <KEY>P_DESTIN</KEY>
     <ENTRY>Destination</ENTRY>
     <LENGTH>19</LENGTH>
    </item>
    <item>
     <ID>S</ID>
     <KEY>P_REXEC</KEY>
     <ENTRY>Determine best vehicle</ENTRY>
     <LENGTH>30</LENGTH>
    </item>
    <item>
     <ID>S</ID>
     <KEY>P_RTABL</KEY>
     <ENTRY>Configuration</ENTRY>
     <LENGTH>28</LENGTH>
    </item>
    <item>
     <ID>S</ID>
     <KEY>P_TABLES</KEY>
     <ENTRY>Update</ENTRY>
     <LENGTH>30</LENGTH>
    </item>
   </TPOOL>
  </asx:values>
 </asx:abap>
</abapGit>
