﻿<?xml version="1.0" encoding="utf-8"?>
<abapGit version="v1.0.0" serializer="LCL_OBJECT_TABL" serializer_version="v1.0.0">
 <asx:abap xmlns:asx="http://www.sap.com/abapxml" version="1.0">
  <asx:values>
   <DD02V>
    <TABNAME>ZTDISTANCES</TABNAME>
    <DDLANGUAGE>E</DDLANGUAGE>
    <TABCLASS>TRANSP</TABCLASS>
    <CLIDEP>X</CLIDEP>
    <DDTEXT>Distances and paths between locations</DDTEXT>
    <MAINFLAG>X</MAINFLAG>
    <CONTFLAG>A</CONTFLAG>
   </DD02V>
   <DD09L>
    <TABNAME>ZTDISTANCES</TABNAME>
    <AS4LOCAL>A</AS4LOCAL>
    <TABKAT>0</TABKAT>
    <TABART>APPL0</TABART>
    <BUFALLOW>N</BUFALLOW>
   </DD09L>
   <DD03P_TABLE>
    <DD03P>
     <TABNAME>ZTDISTANCES</TABNAME>
     <FIELDNAME>MANDT</FIELDNAME>
     <POSITION>0001</POSITION>
     <KEYFLAG>X</KEYFLAG>
     <ROLLNAME>MANDT</ROLLNAME>
     <ADMINFIELD>0</ADMINFIELD>
     <NOTNULL>X</NOTNULL>
     <COMPTYPE>E</COMPTYPE>
    </DD03P>
    <DD03P>
     <TABNAME>ZTDISTANCES</TABNAME>
     <FIELDNAME>LOCAL1</FIELDNAME>
     <POSITION>0002</POSITION>
     <KEYFLAG>X</KEYFLAG>
     <ROLLNAME>ZDE_ID_LOCAL</ROLLNAME>
     <CHECKTABLE>ZTSTORES</CHECKTABLE>
     <ADMINFIELD>0</ADMINFIELD>
     <NOTNULL>X</NOTNULL>
     <SHLPORIGIN>X</SHLPORIGIN>
     <COMPTYPE>E</COMPTYPE>
    </DD03P>
    <DD03P>
     <TABNAME>ZTDISTANCES</TABNAME>
     <FIELDNAME>LOCAL2</FIELDNAME>
     <POSITION>0003</POSITION>
     <KEYFLAG>X</KEYFLAG>
     <ROLLNAME>ZDE_ID_LOCAL</ROLLNAME>
     <CHECKTABLE>ZTSTORES</CHECKTABLE>
     <ADMINFIELD>0</ADMINFIELD>
     <NOTNULL>X</NOTNULL>
     <SHLPORIGIN>X</SHLPORIGIN>
     <COMPTYPE>E</COMPTYPE>
    </DD03P>
    <DD03P>
     <TABNAME>ZTDISTANCES</TABNAME>
     <FIELDNAME>DISTANCE</FIELDNAME>
     <POSITION>0004</POSITION>
     <ROLLNAME>ZDE_DISTANCE</ROLLNAME>
     <ADMINFIELD>0</ADMINFIELD>
     <COMPTYPE>E</COMPTYPE>
    </DD03P>
   </DD03P_TABLE>
   <DD05M_TABLE>
    <DD05M>
     <TABNAME>ZTDISTANCES</TABNAME>
     <FIELDNAME>LOCAL1</FIELDNAME>
     <FORTABLE>ZTDISTANCES</FORTABLE>
     <FORKEY>MANDT</FORKEY>
     <CHECKTABLE>ZTSTORES</CHECKTABLE>
     <CHECKFIELD>MANDT</CHECKFIELD>
     <PRIMPOS>0001</PRIMPOS>
     <DOMNAME>MANDT</DOMNAME>
     <DATATYPE>CLNT</DATATYPE>
     <LENG>000003</LENG>
    </DD05M>
    <DD05M>
     <TABNAME>ZTDISTANCES</TABNAME>
     <FIELDNAME>LOCAL1</FIELDNAME>
     <FORTABLE>ZTDISTANCES</FORTABLE>
     <FORKEY>LOCAL1</FORKEY>
     <CHECKTABLE>ZTSTORES</CHECKTABLE>
     <CHECKFIELD>ID</CHECKFIELD>
     <PRIMPOS>0002</PRIMPOS>
     <DOMNAME>ZID_LOCAL</DOMNAME>
     <DATATYPE>CHAR</DATATYPE>
     <LENG>000002</LENG>
    </DD05M>
    <DD05M>
     <TABNAME>ZTDISTANCES</TABNAME>
     <FIELDNAME>LOCAL2</FIELDNAME>
     <FORTABLE>ZTDISTANCES</FORTABLE>
     <FORKEY>MANDT</FORKEY>
     <CHECKTABLE>ZTSTORES</CHECKTABLE>
     <CHECKFIELD>MANDT</CHECKFIELD>
     <PRIMPOS>0001</PRIMPOS>
     <DOMNAME>MANDT</DOMNAME>
     <DATATYPE>CLNT</DATATYPE>
     <LENG>000003</LENG>
    </DD05M>
    <DD05M>
     <TABNAME>ZTDISTANCES</TABNAME>
     <FIELDNAME>LOCAL2</FIELDNAME>
     <FORTABLE>ZTDISTANCES</FORTABLE>
     <FORKEY>LOCAL2</FORKEY>
     <CHECKTABLE>ZTSTORES</CHECKTABLE>
     <CHECKFIELD>ID</CHECKFIELD>
     <PRIMPOS>0002</PRIMPOS>
     <DOMNAME>ZID_LOCAL</DOMNAME>
     <DATATYPE>CHAR</DATATYPE>
     <LENG>000002</LENG>
    </DD05M>
   </DD05M_TABLE>
   <DD08V_TABLE>
    <DD08V>
     <TABNAME>ZTDISTANCES</TABNAME>
     <FIELDNAME>LOCAL1</FIELDNAME>
     <DDLANGUAGE>E</DDLANGUAGE>
     <CHECKTABLE>ZTSTORES</CHECKTABLE>
    </DD08V>
    <DD08V>
     <TABNAME>ZTDISTANCES</TABNAME>
     <FIELDNAME>LOCAL2</FIELDNAME>
     <DDLANGUAGE>E</DDLANGUAGE>
     <CHECKTABLE>ZTSTORES</CHECKTABLE>
    </DD08V>
   </DD08V_TABLE>
   <DD35V_TALE>
    <DD35V>
     <TABNAME>ZTDISTANCES</TABNAME>
     <FIELDNAME>LOCAL1</FIELDNAME>
     <SHLPNAME>ZSHSTORES</SHLPNAME>
    </DD35V>
    <DD35V>
     <TABNAME>ZTDISTANCES</TABNAME>
     <FIELDNAME>LOCAL2</FIELDNAME>
     <SHLPNAME>ZSHSTORES</SHLPNAME>
    </DD35V>
   </DD35V_TALE>
   <DD36M>
    <DD36M>
     <TABNAME>ZTDISTANCES</TABNAME>
     <FIELDNAME>LOCAL1</FIELDNAME>
     <SHLPNAME>ZSHSTORES</SHLPNAME>
     <SHLPFIELD>ID</SHLPFIELD>
     <FLPOSITION>0001</FLPOSITION>
     <SHTABLE>ZTDISTANCES</SHTABLE>
     <SHFIELD>LOCAL1</SHFIELD>
     <SHLPINPUT>X</SHLPINPUT>
     <SHLPOUTPUT>X</SHLPOUTPUT>
     <ROLLNAME>ZDE_ID_LOCAL</ROLLNAME>
     <DOMNAME>ZID_LOCAL</DOMNAME>
     <DATATYPE>CHAR</DATATYPE>
     <LENG>000002</LENG>
    </DD36M>
    <DD36M>
     <TABNAME>ZTDISTANCES</TABNAME>
     <FIELDNAME>LOCAL1</FIELDNAME>
     <SHLPNAME>ZSHSTORES</SHLPNAME>
     <SHLPFIELD>NAME</SHLPFIELD>
     <FLPOSITION>0002</FLPOSITION>
     <SHTYPE>G</SHTYPE>
     <SHLPINPUT>X</SHLPINPUT>
     <SHLPOUTPUT>X</SHLPOUTPUT>
     <ROLLNAME>ZDE_LOCAL_NAME</ROLLNAME>
     <DOMNAME>ZLOCAL_NAME</DOMNAME>
     <DATATYPE>CHAR</DATATYPE>
     <LENG>000020</LENG>
    </DD36M>
    <DD36M>
     <TABNAME>ZTDISTANCES</TABNAME>
     <FIELDNAME>LOCAL2</FIELDNAME>
     <SHLPNAME>ZSHSTORES</SHLPNAME>
     <SHLPFIELD>ID</SHLPFIELD>
     <FLPOSITION>0001</FLPOSITION>
     <SHTABLE>ZTDISTANCES</SHTABLE>
     <SHFIELD>LOCAL2</SHFIELD>
     <SHLPINPUT>X</SHLPINPUT>
     <SHLPOUTPUT>X</SHLPOUTPUT>
     <ROLLNAME>ZDE_ID_LOCAL</ROLLNAME>
     <DOMNAME>ZID_LOCAL</DOMNAME>
     <DATATYPE>CHAR</DATATYPE>
     <LENG>000002</LENG>
    </DD36M>
    <DD36M>
     <TABNAME>ZTDISTANCES</TABNAME>
     <FIELDNAME>LOCAL2</FIELDNAME>
     <SHLPNAME>ZSHSTORES</SHLPNAME>
     <SHLPFIELD>NAME</SHLPFIELD>
     <FLPOSITION>0002</FLPOSITION>
     <SHTYPE>G</SHTYPE>
     <SHLPINPUT>X</SHLPINPUT>
     <SHLPOUTPUT>X</SHLPOUTPUT>
     <ROLLNAME>ZDE_LOCAL_NAME</ROLLNAME>
     <DOMNAME>ZLOCAL_NAME</DOMNAME>
     <DATATYPE>CHAR</DATATYPE>
     <LENG>000020</LENG>
    </DD36M>
   </DD36M>
  </asx:values>
 </asx:abap>
</abapGit>
