﻿<?xml version="1.0" encoding="utf-8"?>
<abapGit version="v1.0.0" serializer="LCL_OBJECT_TABL" serializer_version="v1.0.0">
 <asx:abap xmlns:asx="http://www.sap.com/abapxml" version="1.0">
  <asx:values>
   <DD02V>
    <TABNAME>ZTVEHICLE_TYPES</TABNAME>
    <DDLANGUAGE>E</DDLANGUAGE>
    <TABCLASS>TRANSP</TABCLASS>
    <CLIDEP>X</CLIDEP>
    <DDTEXT>Vehicle types</DDTEXT>
    <MAINFLAG>X</MAINFLAG>
    <CONTFLAG>A</CONTFLAG>
   </DD02V>
   <DD09L>
    <TABNAME>ZTVEHICLE_TYPES</TABNAME>
    <AS4LOCAL>A</AS4LOCAL>
    <TABKAT>1</TABKAT>
    <TABART>APPL0</TABART>
    <BUFALLOW>N</BUFALLOW>
   </DD09L>
   <DD03P_TABLE>
    <DD03P>
     <TABNAME>ZTVEHICLE_TYPES</TABNAME>
     <FIELDNAME>MANDT</FIELDNAME>
     <POSITION>0001</POSITION>
     <KEYFLAG>X</KEYFLAG>
     <ROLLNAME>MANDT</ROLLNAME>
     <ADMINFIELD>0</ADMINFIELD>
     <NOTNULL>X</NOTNULL>
     <COMPTYPE>E</COMPTYPE>
    </DD03P>
    <DD03P>
     <TABNAME>ZTVEHICLE_TYPES</TABNAME>
     <FIELDNAME>ID</FIELDNAME>
     <POSITION>0002</POSITION>
     <KEYFLAG>X</KEYFLAG>
     <ROLLNAME>ZDE_ID_VEHICLE</ROLLNAME>
     <ADMINFIELD>0</ADMINFIELD>
     <NOTNULL>X</NOTNULL>
     <COMPTYPE>E</COMPTYPE>
    </DD03P>
    <DD03P>
     <TABNAME>ZTVEHICLE_TYPES</TABNAME>
     <FIELDNAME>MODEL</FIELDNAME>
     <POSITION>0003</POSITION>
     <ROLLNAME>ZDE_VEH_MODEL</ROLLNAME>
     <ADMINFIELD>0</ADMINFIELD>
     <COMPTYPE>E</COMPTYPE>
    </DD03P>
    <DD03P>
     <TABNAME>ZTVEHICLE_TYPES</TABNAME>
     <FIELDNAME>LOCATION</FIELDNAME>
     <POSITION>0004</POSITION>
     <ROLLNAME>ZDE_ID_LOCAL</ROLLNAME>
     <CHECKTABLE>ZTSTORES</CHECKTABLE>
     <ADMINFIELD>0</ADMINFIELD>
     <SHLPORIGIN>X</SHLPORIGIN>
     <COMPTYPE>E</COMPTYPE>
    </DD03P>
    <DD03P>
     <TABNAME>ZTVEHICLE_TYPES</TABNAME>
     <FIELDNAME>TYPE</FIELDNAME>
     <POSITION>0005</POSITION>
     <ROLLNAME>ZDE_VEH_TYPE</ROLLNAME>
     <CHECKTABLE>ZTCAPACITY</CHECKTABLE>
     <ADMINFIELD>0</ADMINFIELD>
     <SHLPORIGIN>X</SHLPORIGIN>
     <COMPTYPE>E</COMPTYPE>
    </DD03P>
   </DD03P_TABLE>
   <DD05M_TABLE>
    <DD05M>
     <TABNAME>ZTVEHICLE_TYPES</TABNAME>
     <FIELDNAME>LOCATION</FIELDNAME>
     <FORTABLE>ZTVEHICLE_TYPES</FORTABLE>
     <FORKEY>MANDT</FORKEY>
     <CHECKTABLE>ZTSTORES</CHECKTABLE>
     <CHECKFIELD>MANDT</CHECKFIELD>
     <PRIMPOS>0001</PRIMPOS>
     <DOMNAME>MANDT</DOMNAME>
     <DATATYPE>CLNT</DATATYPE>
     <LENG>000003</LENG>
    </DD05M>
    <DD05M>
     <TABNAME>ZTVEHICLE_TYPES</TABNAME>
     <FIELDNAME>LOCATION</FIELDNAME>
     <FORTABLE>ZTVEHICLE_TYPES</FORTABLE>
     <FORKEY>LOCATION</FORKEY>
     <CHECKTABLE>ZTSTORES</CHECKTABLE>
     <CHECKFIELD>ID</CHECKFIELD>
     <PRIMPOS>0002</PRIMPOS>
     <DOMNAME>ZID_LOCAL</DOMNAME>
     <DATATYPE>CHAR</DATATYPE>
     <LENG>000002</LENG>
    </DD05M>
    <DD05M>
     <TABNAME>ZTVEHICLE_TYPES</TABNAME>
     <FIELDNAME>TYPE</FIELDNAME>
     <FORTABLE>ZTVEHICLE_TYPES</FORTABLE>
     <FORKEY>MANDT</FORKEY>
     <CHECKTABLE>ZTCAPACITY</CHECKTABLE>
     <CHECKFIELD>MANDT</CHECKFIELD>
     <PRIMPOS>0001</PRIMPOS>
     <DOMNAME>MANDT</DOMNAME>
     <DATATYPE>CLNT</DATATYPE>
     <LENG>000003</LENG>
    </DD05M>
    <DD05M>
     <TABNAME>ZTVEHICLE_TYPES</TABNAME>
     <FIELDNAME>TYPE</FIELDNAME>
     <FORTABLE>ZTVEHICLE_TYPES</FORTABLE>
     <FORKEY>TYPE</FORKEY>
     <CHECKTABLE>ZTCAPACITY</CHECKTABLE>
     <CHECKFIELD>TYPE</CHECKFIELD>
     <PRIMPOS>0002</PRIMPOS>
     <DOMNAME>ZVEH_TYPE</DOMNAME>
     <DATATYPE>CHAR</DATATYPE>
     <LENG>000002</LENG>
    </DD05M>
   </DD05M_TABLE>
   <DD08V_TABLE>
    <DD08V>
     <TABNAME>ZTVEHICLE_TYPES</TABNAME>
     <FIELDNAME>LOCATION</FIELDNAME>
     <DDLANGUAGE>E</DDLANGUAGE>
     <CHECKTABLE>ZTSTORES</CHECKTABLE>
     <CARD>CN</CARD>
     <ARBGB>/AIF/ECR</ARBGB>
     <MSGNR>007</MSGNR>
     <CARDLEFT>1</CARDLEFT>
    </DD08V>
    <DD08V>
     <TABNAME>ZTVEHICLE_TYPES</TABNAME>
     <FIELDNAME>TYPE</FIELDNAME>
     <DDLANGUAGE>E</DDLANGUAGE>
     <CHECKTABLE>ZTCAPACITY</CHECKTABLE>
     <ARBGB>/AIF/ECR</ARBGB>
     <MSGNR>007</MSGNR>
    </DD08V>
   </DD08V_TABLE>
   <DD35V_TALE>
    <DD35V>
     <TABNAME>ZTVEHICLE_TYPES</TABNAME>
     <FIELDNAME>LOCATION</FIELDNAME>
     <SHLPNAME>ZSHSTORES</SHLPNAME>
    </DD35V>
    <DD35V>
     <TABNAME>ZTVEHICLE_TYPES</TABNAME>
     <FIELDNAME>TYPE</FIELDNAME>
     <SHLPNAME>ZSHVEHTYPE</SHLPNAME>
    </DD35V>
   </DD35V_TALE>
   <DD36M>
    <DD36M>
     <TABNAME>ZTVEHICLE_TYPES</TABNAME>
     <FIELDNAME>LOCATION</FIELDNAME>
     <SHLPNAME>ZSHSTORES</SHLPNAME>
     <SHLPFIELD>ID</SHLPFIELD>
     <FLPOSITION>0001</FLPOSITION>
     <SHTABLE>ZTVEHICLE_TYPES</SHTABLE>
     <SHFIELD>LOCATION</SHFIELD>
     <SHLPINPUT>X</SHLPINPUT>
     <SHLPOUTPUT>X</SHLPOUTPUT>
     <ROLLNAME>ZDE_ID_LOCAL</ROLLNAME>
     <DOMNAME>ZID_LOCAL</DOMNAME>
     <DATATYPE>CHAR</DATATYPE>
     <LENG>000002</LENG>
    </DD36M>
    <DD36M>
     <TABNAME>ZTVEHICLE_TYPES</TABNAME>
     <FIELDNAME>LOCATION</FIELDNAME>
     <SHLPNAME>ZSHSTORES</SHLPNAME>
     <SHLPFIELD>NAME</SHLPFIELD>
     <FLPOSITION>0002</FLPOSITION>
     <SHTYPE>G</SHTYPE>
     <SHLPINPUT>X</SHLPINPUT>
     <SHLPOUTPUT>X</SHLPOUTPUT>
     <ROLLNAME>ZDE_LOCAL_NAME</ROLLNAME>
     <DOMNAME>ZLOCAL_NAME</DOMNAME>
     <DATATYPE>CHAR</DATATYPE>
     <LENG>000020</LENG>
    </DD36M>
    <DD36M>
     <TABNAME>ZTVEHICLE_TYPES</TABNAME>
     <FIELDNAME>TYPE</FIELDNAME>
     <SHLPNAME>ZSHVEHTYPE</SHLPNAME>
     <SHLPFIELD>CAPACITY</SHLPFIELD>
     <FLPOSITION>0002</FLPOSITION>
     <SHTYPE>G</SHTYPE>
     <SHLPINPUT>X</SHLPINPUT>
     <SHLPOUTPUT>X</SHLPOUTPUT>
     <ROLLNAME>ZDE_CAPACITY</ROLLNAME>
     <DOMNAME>ZCAPACITY</DOMNAME>
     <DATATYPE>NUMC</DATATYPE>
     <LENG>000008</LENG>
    </DD36M>
    <DD36M>
     <TABNAME>ZTVEHICLE_TYPES</TABNAME>
     <FIELDNAME>TYPE</FIELDNAME>
     <SHLPNAME>ZSHVEHTYPE</SHLPNAME>
     <SHLPFIELD>TYPE</SHLPFIELD>
     <FLPOSITION>0001</FLPOSITION>
     <SHTABLE>ZTVEHICLE_TYPES</SHTABLE>
     <SHFIELD>TYPE</SHFIELD>
     <SHLPINPUT>X</SHLPINPUT>
     <SHLPOUTPUT>X</SHLPOUTPUT>
     <ROLLNAME>ZDE_VEH_TYPE</ROLLNAME>
     <DOMNAME>ZVEH_TYPE</DOMNAME>
     <DATATYPE>CHAR</DATATYPE>
     <LENG>000002</LENG>
    </DD36M>
   </DD36M>
  </asx:values>
 </asx:abap>
</abapGit>
